{
  "baseline_w8": {
    "config": {
      "label": "baseline_w8",
      "batch_size": 1024,
      "num_workers": 8,
      "persistent_workers": false,
      "prefetch_factor": 2,
      "pin_memory": true
    },
    "results": {
      "epoch1": {
        "first_batch_s": 4.820157000038307,
        "steady_s": 12.478245799953584,
        "n_batches": 50,
        "per_iter_s": 0.25465807755007314,
        "samples_per_s": 4021.078026863892
      },
      "epoch2": {
        "first_batch_s": 4.624419100000523,
        "steady_s": 12.718074699980207,
        "n_batches": 50,
        "per_iter_s": 0.25955254489755525,
        "samples_per_s": 3945.251241532501
      }
    }
  },
  "w0": {
    "config": {
      "label": "w0",
      "batch_size": 1024,
      "num_workers": 0,
      "persistent_workers": false,
      "prefetch_factor": null,
      "pin_memory": true
    },
    "results": {
      "epoch1": {
        "first_batch_s": 1.6808462000335567,
        "steady_s": 82.14402649999829,
        "n_batches": 50,
        "per_iter_s": 1.6764087040815978,
        "samples_per_s": 610.8295653123486
      },
      "epoch2": {
        "first_batch_s": 1.618175700015854,
        "steady_s": 81.32875159999821,
        "n_batches": 50,
        "per_iter_s": 1.65977044081629,
        "samples_per_s": 616.9527874567929
      }
    }
  },
  "w2": {
    "config": {
      "label": "w2",
      "batch_size": 1024,
      "num_workers": 2,
      "persistent_workers": false,
      "prefetch_factor": 2,
      "pin_memory": true
    },
    "results": {
      "epoch1": {
        "first_batch_s": 3.6987197999842465,
        "steady_s": 41.270269299973734,
        "n_batches": 50,
        "per_iter_s": 0.842250393877015,
        "samples_per_s": 1215.7904673530186
      },
      "epoch2": {
        "first_batch_s": 3.4811385000357404,
        "steady_s": 41.33007209998323,
        "n_batches": 50,
        "per_iter_s": 0.8434708591833312,
        "samples_per_s": 1214.0312719178721
      }
    }
  },
  "w4": {
    "config": {
      "label": "w4",
      "batch_size": 1024,
      "num_workers": 4,
      "persistent_workers": false,
      "prefetch_factor": 2,
      "pin_memory": true
    },
    "results": {
      "epoch1": {
        "first_batch_s": 3.941717299981974,
        "steady_s": 21.865996800013818,
        "n_batches": 50,
        "per_iter_s": 0.44624483265334325,
        "samples_per_s": 2294.70444265172
      },
      "epoch2": {
        "first_batch_s": 3.8551712000044063,
        "steady_s": 21.845393800002057,
        "n_batches": 50,
        "per_iter_s": 0.4458243632653481,
        "samples_per_s": 2296.8686423952345
      }
    }
  },
  "w16": {
    "config": {
      "label": "w16",
      "batch_size": 1024,
      "num_workers": 16,
      "persistent_workers": false,
      "prefetch_factor": 2,
      "pin_memory": true
    },
    "results": {
      "epoch1": {
        "first_batch_s": 7.626023999997415,
        "steady_s": 11.137017700006254,
        "n_batches": 50,
        "per_iter_s": 0.22728607551033173,
        "samples_per_s": 4505.335391535907
      },
      "epoch2": {
        "first_batch_s": 7.263941299985163,
        "steady_s": 10.661072199989576,
        "n_batches": 50,
        "per_iter_s": 0.2175729020406036,
        "samples_per_s": 4706.468454462682
      }
    }
  },
  "w8_persistent": {
    "config": {
      "label": "w8_persistent",
      "batch_size": 1024,
      "num_workers": 8,
      "persistent_workers": true,
      "prefetch_factor": 2,
      "pin_memory": true
    },
    "results": {
      "epoch1": {
        "first_batch_s": 4.906576600042172,
        "steady_s": 13.089038499980234,
        "n_batches": 50,
        "per_iter_s": 0.26712323469347415,
        "samples_per_s": 3833.436657709867
      },
      "epoch2": {
        "first_batch_s": 2.151302599988412,
        "steady_s": 13.072439500014298,
        "n_batches": 50,
        "per_iter_s": 0.26678447959212853,
        "samples_per_s": 3838.304243056173
      }
    }
  },
  "w8_prefetch4": {
    "config": {
      "label": "w8_prefetch4",
      "batch_size": 1024,
      "num_workers": 8,
      "persistent_workers": false,
      "prefetch_factor": 4,
      "pin_memory": true
    },
    "results": {
      "epoch1": {
        "first_batch_s": 4.845733699970879,
        "steady_s": 13.020479200000409,
        "n_batches": 50,
        "per_iter_s": 0.2657240653061308,
        "samples_per_s": 3853.621608642363
      },
      "epoch2": {
        "first_batch_s": 5.190315500018187,
        "steady_s": 15.045990300015546,
        "n_batches": 50,
        "per_iter_s": 0.30706102653092954,
        "samples_per_s": 3334.841974472638
      }
    }
  },
  "w8_prefetch8": {
    "config": {
      "label": "w8_prefetch8",
      "batch_size": 1024,
      "num_workers": 8,
      "persistent_workers": false,
      "prefetch_factor": 8,
      "pin_memory": true
    },
    "results": {
      "epoch1": {
        "first_batch_s": 4.860914099961519,
        "steady_s": 13.161346800043248,
        "n_batches": 50,
        "per_iter_s": 0.2685989142865969,
        "samples_per_s": 3812.3757972728995
      },
      "epoch2": {
        "first_batch_s": 5.076098699995782,
        "steady_s": 13.103149500035215,
        "n_batches": 50,
        "per_iter_s": 0.26741121428643294,
        "samples_per_s": 3829.308365890594
      }
    }
  },
  "w8_persistent_prefetch4": {
    "config": {
      "label": "w8_persistent_prefetch4",
      "batch_size": 1024,
      "num_workers": 8,
      "persistent_workers": true,
      "prefetch_factor": 4,
      "pin_memory": true
    },
    "results": {
      "epoch1": {
        "first_batch_s": 4.8876593000022694,
        "steady_s": 16.656209199980367,
        "n_batches": 50,
        "per_iter_s": 0.3399226367342932,
        "samples_per_s": 3012.450155828923
      },
      "epoch2": {
        "first_batch_s": 3.0051179000292905,
        "steady_s": 16.435840299993288,
        "n_batches": 50,
        "per_iter_s": 0.33542531224476096,
        "samples_per_s": 3052.8405657495036
      }
    }
  },
  "w8_persistent_prefetch8": {
    "config": {
      "label": "w8_persistent_prefetch8",
      "batch_size": 1024,
      "num_workers": 8,
      "persistent_workers": true,
      "prefetch_factor": 8,
      "pin_memory": true
    },
    "results": {
      "epoch1": {
        "first_batch_s": 5.142846200033091,
        "steady_s": 15.844689799996559,
        "n_batches": 50,
        "per_iter_s": 0.32336101632646036,
        "samples_per_s": 3166.7391809722208
      },
      "epoch2": {
        "first_batch_s": 2.7423060000292026,
        "steady_s": 15.827358999988064,
        "n_batches": 50,
        "per_iter_s": 0.3230073265303687,
        "samples_per_s": 3170.206728743427
      }
    }
  },
  "w8_nopin": {
    "config": {
      "label": "w8_nopin",
      "batch_size": 1024,
      "num_workers": 8,
      "persistent_workers": false,
      "prefetch_factor": 2,
      "pin_memory": false
    },
    "results": {
      "epoch1": {
        "first_batch_s": 5.064694399945438,
        "steady_s": 15.466937600052916,
        "n_batches": 50,
        "per_iter_s": 0.31565178775618197,
        "samples_per_s": 3244.081103671637
      },
      "epoch2": {
        "first_batch_s": 4.775500799994916,
        "steady_s": 15.552145799971186,
        "n_batches": 50,
        "per_iter_s": 0.31739073061165685,
        "samples_per_s": 3226.3072019356305
      }
    }
  },
  "bs256_w8": {
    "config": {
      "label": "bs256_w8",
      "batch_size": 256,
      "num_workers": 8,
      "persistent_workers": false,
      "prefetch_factor": 2,
      "pin_memory": true
    },
    "results": {
      "epoch1": {
        "first_batch_s": 2.872097500017844,
        "steady_s": 3.969092699990142,
        "n_batches": 50,
        "per_iter_s": 0.08100189183653352,
        "samples_per_s": 3160.4200123698683
      },
      "epoch2": {
        "first_batch_s": 2.8798118000268005,