{
  "w0": {
    "config": {
      "label": "w0",
      "batch_size": 1024,
      "num_workers": 0,
      "persistent_workers": false,
      "prefetch_factor": null,
      "pin_memory": true
    },
    "results": {
      "epoch1": {
        "first_batch_s": 1.2870780000230297,
        "steady_s": 10.294381699990481,
        "n_batches": 10,
        "per_iter_s": 1.1438201888878312,
        "samples_per_s": 895.2456076122106
      },
      "epoch2": {
        "first_batch_s": 1.1480999001068994,
        "steady_s": 10.280486999894492,
        "n_batches": 10,
        "per_iter_s": 1.1422763333216102,
        "samples_per_s": 896.45558620857
      }
    }
  }
}